name,id,unit_of_measurement,On Hand
"ABDOMINAL BINDER, 4PANEL 12"" 45""-62"" UNIV (6/PK)",1,PK,5
"ADAPTER, GAS SAMP STRT (50/CS)",1,CS,
"ADHESIVE, SKIN DERMABOND ADV (12/BX)",1,BX,7
"ADHESIVE, SKIN DERMABOND ADV (12/BX)",1,EA,
"AIR FRESHENER, ODOR ELIM W/PUMP FRESH AIR 8OZ(12/C",1,EA,2
"AIRWAY, BERMAN 100MM LF (1/PK 24PK/BX)",1,PK,5
"AIRWAY, BERMAN 90MM LF (1/PK 24PK/BX)",1,PK,10
"AIRWAY, BERMAN 90MM LF (1/PK 24PK/BX)",1,BX,
"AIRWAY, BERMAN ADLT MED 90MM (12/BX)",1,EA,
"AIRWAY, BERMAN PLAS N/S SZ9 (50/BX)",1,EA,
"AIRWAY, NASOPHARYN DISP 28FR (10/BX)",1,EA,5
"AIRWAY, NASOPHARYN DISP 30FR (10/BX)",1,EA,5
"ALCOHOL, ISOPROPYL 70% 16OZ (12/CS)",1,CS,5
"ALCOHOL, ISOPROPYL 70% 4OZ (60/CS)",1,CS,70
"ALCOHOL, ISOPROPYL 70% GALLON (4/CS)",1,EA,
"ANTISEPTIC, HAND AVAGARD D INSTANT 33.8OZ (5/CS)",1,EA,4
"BACITRACIN+ZINC .5%, OINT 500U/GM 16OZ 9EFGRA",1,EA,1
"BAG, DRAINAGE W/ADJ TUBE 600ML(5/BX) D/S",1,BX,
"BAG, PAT DRWSTRNG 20X20X4 CLR (25PK 10PK/CS)",1,CS,
"BAG, PATIENT SET-UP CLR 12""X1 6"" (500/CS) MGM03",1,CS,
"BAG, URINARY DRAIN ANTIRFLX 2000ML (1/EA 20EA/CS)",1,EA,
"BANDAGE, ADH SHEER LF 3/8"" (100/BX 12BX/CS)",1,BX,
"BANDAGE, ADHSV FABR STRP 1X3 (100/BX 24BX/CS)",1,BX,
"BANDAGE, ELAS SHURBND LF 4X5YDS (10/PK)",1,PK,
"BANDAGE, ELAS SLF CLSR DLX 2""X5YDS (10RL/BX 5BX/CS",1,BX,
"BANDAGE, ELAS SLF CLSR DLX 4""X5YDS (10RL/BX 5BX/CS)",1,BX,
"BANDAGE, ELAS SLF CLSR DLX 6""X5YDS (10RL/BX 5BX/CS)",1,BX,
"BANDAGE, KERLIX RL 4 1/2""X4.1YDS N/S (12/CT)",1,CT,
"BANDAGE, LIQ ADH MASTISOL 2OZ",1,EA,3
"BASE, SIDE MAYO STAND 34-53""",1,EA,100
"BASIN, EMESIS DUSTY ROSE 9"" (250/CS)",1,CS,100
"BASIN, EMESIS MAUVE 9"" (250/CS)",1,CS,
"BINDER, ABD 4PNL 12"" 45-62""",1,EA,
"BLADE, CARBON STEEL STR #11 (100/BX 50BX/CS)",1,BX,
"BLADE, CLIPPER ASSEMBLY (50/CS)",1,CS,14
"BLADE, SURGICAL C/S STR #11 (50/BX)",1,BX,54
"BLADE, SURGICAL C/S STR #15 (50/BX)",1,BX,16
"BLADE, SURGICAL STR #15C (100/BX)",1,BX,57
"BLADE, TONGUE SR 6"" N/S LF (500/BX 10BX/CS)",1,BX,100
"BLADE, TONGUE SR STR 6"" (100/BX 10BX/CS)",1,BX,50
"BLANKET, UPPER BODY DUAL PORT (10/CS)",1,EA,5
"BLANKET, WARMING FULL BODY ADULT (10/CS) ARIZAN",1,EA,32
"BLEACH, CLOROX GERMICIDAL CONCLIQ 121OZ (3/CS)",1,EA,1
"BLEACH, CLOROX ULTRA 30OZ (12/CS)",1,EA,
BOUNCE DRYER SHEETS 6X160,1,CS,6
BRUSH SCRUB W/EXIDINE 4% CHG 30/BX 10BX/CS ENTURA,1,EA,20
"CANISTER, GUARDIAN 2000CC (40/CS)",1,CS,15
"CANISTER, GUARDIAN 2000CC (40/CS)",1,EA,
"CANISTER, SCTN 2000CC (48/CS)",1,EA,
"CANNULA, NASAL LF STR ADLT 7'TU (50/CS)",1,CS,67
"CAP DEVICE, RED (100/BX) R2000B",1,BX,20
"CAP, BOUF LF SB 24"" BLU (100/BX)",1,BX,200
"CAP, SURGEON LF UNIV BLU (100/BX 5BX/CS)",1,BX,100
CART EMERGENCY W/KEYLOCK,1,EA,1
"CATH TRAY, FOLEY 14FR 5CC (10/CS)",1,EA,8
"CATH TRAY, FOLEY 14FR 5CC (10/CS)",1,CS,
"CATH, INSYTE IAG STR BLU 22GX 1"" (50/BX)",1,BX,
"CATH, INSYTE IAG STR PNK 20GX 1"" (50/BX)",1,BX,
"CATHETER, IV INTROCAN SAFETY FEP 20GX1"" (50/BX)",1,BX,100
"CATHETER, IV INTROCAN SAFETY FEP 22GX1"" (50/BX)",1,BX,15
"CATHETER, SCTN 14FR (50/CS)",1,CS,48
"CEFTRIAXONE SODIUM, VL 1GM (25/CT)",1,EA,11
"CIRCUIT, ANES 3L BG ADLT 72"" (20/CS) PSSRD2",1,CS,25
"CLEANER, AUTOCLAVE CHAMBER BRITE (10/BX)",1,BX,11
"CLEANER, ENZYMATIC (4GL/CS)",1,GL,
"CLEANER, NAIL F/FNGNAILS & CUTICLES (1500/CS) ENTURA",1,CS,
"CLEANER, ULTRASONIC GL",1,CS,2
"CLEANER, ULTRASONIC GL",1,EA,
"CLEANER/DISINFECTANT, PRO-TECHRTU 1GL LF (4/CS)",1,EA,1
"CLEANSER, AVAGARD HAND 16OZ BTL (8/CS)",1,EA,3
"CLOSURE, STRI-STP 1/2""X4"" (6/PK,50PK/BX)",1,BX,
"CONTAINER, GRAD TRIANG (200/CS)",1,CS,100
"CONTAINER, GRAD TRIANG (200/CS)",1,EA,
"CONTAINER, SHARPS STACKABLE 8GL RED (10/CS)",1,EA,1
"CONTROL KIT, PREG HCG (1/BX)",1,BX,2
"CONTROL, GLUC QUINTET H/N (1ST/BX 100BX/CS)",1,BX,100
"CONTROL, HEMOTROL LOW 2X1ML LEVEL 1",1,EA,100
"CONTROL, HEMOTROL NORMAL 2X1ML LEVEL 2",1,EA,
COVER TABLE STAND 44X75 22/C 22/CS,1,EA,8
"COVER, F/SURG BK TBL 24""X90"" (40/CS)",1,CS,
"COVER, MAYO POLY 23"" STD (30/CS) 8337A",1,EA,100
"COVER, MAYO POLY 23"" STD (30/CS) 8337A",1,CS,
"COVER, PILLOW ZIPPER 21""X27"" 4MIL WHT (12/CS)",1,EA,4
"COVER, STAND MAYO REINF K-C FOLD STR 23X54 (60/CS)",1,CS,
"COVER, STAND MAYO REINF K-C FOLD STR 23X54 (60/CS)",1,EA,
"COVER, TABLE 44""X90"" (22/CS) 8377C",1,CS,
"COVER, TABLE 54""X90"" (24/CS) 8378C",1,CS,
"CPT, ABDOMINAL (C. MENDIETA M.D.) (8/CS)",1,CS,
"CUP, DRINKING PLASTIC TRANSLUCENT 5OZ (100/SL 20SL/CS)",1,CS,100
"CUP, IODINE 6OZ",1,EA,
"CUP, MED GRAD 1OZ (100/BX 50BX/CS)",1,BX,
"CUP, MEDICINE 2OZGRAD",1,EA,30
"CUP, MEDICINE S/S 2OZ",1,EA,
"CURETTE, VAC STRT OPEN STR DISP 8MM (25/CS)",1,CS,
"DANTROLENE SODIUM REVONTO, VL 20MG/65ML 65ML (6/CT",1,CT,30
"DETERGENT, DISH DAWN POT&PAN 38OZ (8/CS)",1,EA,
"DETERGENT, ENZYMATIC EMPOWER GL (4/CS)",1,EA,2
"DETERGENT, INSTRUMENT LOW SUDSLIQUID 1GL LF (4/CS",1,EA,2
"DETERGENT, TIDE LIQUID HE100OZ(4/CS)",1,CS,5
"DISINFECTANT, CAVICIDE GL MX-1000",1,GL,5
"DISINFECTANT, CAVICIDE PUMP SPRAY 24OZ",1,EA,
"DISINFECTANT, FLOOR CONC LEMON(GAL)",1,GL,1
"DISINFECTANT, GLUTARALDEHYDE 14DAY (4GL/CS)",1,GL,1
"DISINFECTANT, LYSOL SPRY F/CRISP LINEN (12/CS)",1,EA,
"DRAIN, CWV SIL RND 7FR (10/BX 10BX/CS)",1,BX,
"DRAIN, HUBLESS RND END PERF 7FR (10/CS)",1,EA,46
"DRAIN, JP RND 10FR (10/BX)",1,BX,
"DRAIN, JP RND 7FR (10/BX)",1,BX,
"DRAIN, ND HUBLESS W/O TROCAR 100CM (10/BX 8BX/CS)",1,EA,5
"DRAIN, PENROSE STR 1/2""X12"" (50/BX)",1,EA,
"DRAIN, PENROSE STR 1/2""X12"" (50/BX)",1,BX,
"DRAPE, FENES STR TPT BLU 18X26(50/BX 6BX/CS)",1,CS,
"DRAPE, INCISE LG (10/BX)",1,BX,
"DRAPE, LG 60X76 (60/CS) KIMCLK",1,CS,
"DRAPE, SURG FLT 3/4PROTCT5 MED77X60 (50/CS)",1,CS,
"DRAPE, SURG TWL LG (10/BX)",1,BX,
"DRESSING, FILM THIN 4X4.75"" (50/BX 4BX/CS)",1,BX,50
"DRESSING, FILM THIN 6X8"" (10/BX 8BX/CS)",1,BX,
"DRESSING, FILM TRANS W/FRM DELSTR 2 3/8X2 3/4"" (100/BX)",1,BX,50
"DRESSING, FILM TRANS W/FRM DELSTR 4""X4 3/4"" (50/BX)",1,BX,
"DRESSING, FILM TRANS W/FRM DELSTR 6""X8"" (10/BX)",1,BX,
"DRESSING, N/ADHER STR 2X3 LF (100/BX)",1,BX,
"DRESSING, PAD FOAM RESTON (10/PK)",1,CS,30
"DRESSING, PAD FOAM RESTON (10/PK)",1,PK,
"DRESSING, TEGADERM W/LABEL 6X7CM (100/BX)",1,BX,
"DRESSING, TEGADERM W/WINDOW 2 3/8X2 3/4 (100BX 4BX",1,BX,
"DRESSING, TRANSP TEG 8""X12"" (10/BX)",1,BX,
"DRESSING, XEROFORM 1X8 (50/BX 4BX/CS)",1,BX,20
"ELECTRODE, AED F/HEART START DEFIB ADLT +8YRS",1,EA,
"ELECTRODE, EKG FOAM ALL-PURP (10/STRP 5STRP/BG)",1,BG,3
"ELECTRODE, STD MODIFIED BLADE (25/BX)",1,BX,20
"EXCHANGER, HEAT/MOISTURE THERMOVENT 600 (50/BX)",1,BX,
"EYE WASH MEDIWASH, SOL 4OZ",1,EA,
"FENTANYL CITRATE, AMP 0.05MG/ML 5ML (10/PK) CII",1,PK,
"GAUZE, STRCH CONFORM STR 4"" (12/BX 8BX/CS)",1,BX,
"GEL, INTRASITE APPLIPAK 15GM (10/BX)7311",1,BX,
"GEL, ULTRASOUND CLR 5L (4/CS)",1,EA,
"GLOVE, EXAM LTX PF GLYCEROL MED (100/BX 10BX/CS)",1,CS,
"GLOVE, EXAM LTX PF TEXT LG (100/BX 10BX/CS)",1,BX,1
"GLOVE, EXAM LTX PF TEXT MED (100/BX 10BX/CS)",1,CS,12
"GLOVE, EXAM NITRL PF BLU MED (200/BX)",1,CS,
"GLOVE, LTX HI-RISK PF MD (50/BX)",1,BX,5
"GLOVE, LTX HI-RISK PF MD (50/BX)",1,CS,
"GLOVE, SURG AQUATCH STR LTX PFSZ6 (40PR/BX 4BX/CS",1,BX,
"GLOVE, SURG AQUATCH STR LTX PFSZ7 (40PR/BX 4BX/CS",1,BX,
"GLOVE, SURG LTX PF SZ6 (40PR/BX 5BX/CS)",1,BX,
"GLOVE, SURG LTX PF SZ6.5 (40PR/BX 5BX/CS)",1,BX,250
"GLOVE, SURG LTX PF SZ7 (40PR/BX 5BX/CS)",1,BX,60
"GLOVE, SURG LTX PF SZ8 (40PR/BX 5BX/CS)",1,BX,200
"GLOVE, SURG LTX SZ6 (40PR/BX 5BX/CS)",1,BX,
"GLOVE, SURG LTX SZ6.5 (40PR/BX5BX/CS)",1,BX,
"GLOVE, SURG LTX SZ7 (40PR/BX 5BX/CS)",1,BX,
"GLOVE, SURG LTX SZ8 (40PR/BX 5BX/CS)",1,BX,
"GLOVE, SURG LTX SZ8.5 (40PR/BX5BX/CS)",1,BX,
"GLOVE, SURG STR LTX PF SZ6 1/2(50PR/BX 4BX/CS)",1,BX,
"GLOVE, SURG STR LTX PF SZ7 (50PR/BX 4BX/CX)",1,BX,
"GLOVE, SURG STR LTX PF SZ8 (50PR/BX 4BX/CX)",1,BX,
"GLOVE, SURG STR LTX PWDR SZ6 1/2 (40PR/BX 4BX/CS)",1,BX,
"GLOVE, SURG STR LTX PWDR SZ7 (40PR/BX 4BX/CS)",1,BX,
"GLOVE, SURG STR LTX PWDR SZ8 (40PR/BX 4BX/CS)",1,BX,
"GLOVE, SURG SYN PF SZ6.5 (40PR/BX 4BX/CS)",1,BX,
"GLOVE, SURG SYN PF SZ8 (40PR/BX 4BX/CS)",1,BX,
"GLOVE, SURGICAL BIOGEL ULTRA TOUCH SZ6.5 (50/BX 4B",1,BX,
"GLOVE, SURGICAL BIOGEL ULTRA TOUCH SZ7.0 (50/BX 4B",1,BX,
"GOWN, EXAM 2PLY/SCRIM BLU XLG 30X42 (50/CS)",1,EA,
"GOWN, SURG PROTECT5 BRTHABLE OUTSIDE POLY XLG(24/C",1,CS,
"GOWN, SURG PROTECT5 FABRIC REINF 50"" XLG (24/CS)",1,CS,
"GOWN, SURG SURGISOFT REINF XLG(32/CS)",1,CS,
"GOWN, TPT BLUE 30""X42"" (50/CS)",1,CS,
"HEAD & NECK PACK, W/BAR DRAPE (8/CS)",1,CS,2
"HEADREST, BAGEL 9"" (36/CS) 30009",1,EA,8
"HYDROGEN PEROXIDE, 3% 16OZ (12/CS)",1,EA,10
"HYDROGEN PEROXIDE, 3% 16OZ (12/CS)",1,CS,
"HYGROMETER DIGITAL W/MEMORY, 286-615 FSHSCI",1,EA,
INDICATOR STRIP CHEM EO GAS 250/BX,1,BX,1
"INDICATOR STRIP, STEAM SHORT 4"" (250/BX 10BX/CS)",1,BX,2
"INDICATOR, BIOLOGICAL PROSPORE2 (50/BX)",1,BX,
"INDICATOR, BIOLOGICAL STEAM (25/BX)",1,BX,
"INDICATOR, BIOLOGICAL STEAM SLF-CONTAIN(25/BX 10BX",1,BX,60
"INDICATOR, EO STRIP 8"" (250/BX)",1,BX,
"INDICATOR, GAS BIO VIAL SELF CNTD (25/BX)",1,BX,10
"INDICATOR, STEAM STRIP 4"" (250/BX)",1,BX,
"INDICATOR, STRIP DUAL STEAM/EO(250/BX)",1,BX,
"INJECTION SITE, INTLNK (200/CS)",1,EA,
"IV ADMIN SET, Y-VLV (50/CS)",1,CS,60
LABEL ANECTINE MG/ML RL=EA,1,EA,
"LABEL, BIOHZD ADH RED 3X3 (320/PK)",1,PK,
"LABEL, FENTANYL BLU (500/RL)",1,RL,
"LABEL, LUSEDRA 30MG/CC WHT (GREENBELTENDO)",1,RL,
"LABEL, VERSED ORG (333/RL)",1,RL,
"LAPAROTOMY PACK, (5/CS)",1,CS,
"LIDOCAINE HCL, SOL IV 0.4% 2GM5% DEX 500ML (18/CS",1,EA,1
"LINE, SAMPLE GAS M/M LL 10' (50/CS)",1,CS,20
"LINE, SAMPLE W/M/M CONNECTER (100/CS) KINSYS",1,EA,
LINER 24X33 15GL RED 250/CS 1.2MIC,1,CS,1
"LINER, TRASH MED .45ML WHT 15GL (500/CS)",1,CS,1
"LUBRICATING JELLY, TU STR 4OZ FLIP-TOP (12/BX)",1,EA,
"MARKER, SKIN REG STR LF (50/BX)",1,BX,20
"MASK, ANES ADLT LG (30/CS) PSSRD2",1,CS,20
"MASK, FACE DISP (20/CS) VITSGN",1,EA,
"MASK, FACE SURG CLASSIC PLTD W/TIES LF BLU (50/BX)",1,BX,3
"MASK, OXY LF MED CONC 7'TU (50/CS)",1,CS,55
"MASK, OXY N/REBREATH LF ADLT 7TU (50/CS)",1,EA,8
"MICROCUVETTE, F/GLUCOSE 201 W/STRPS (50/PK)",1,PK,
"MICROCUVETTE, HEMOPOINT H2 NXT(100/BX) GDSTEC",1,BX,
"MONITOR, VITAL SIGNS BP SP02 MASIMO",1,EA,
"MONITOR, VITAL SIGNS SPOT TEM P",1,EA,
"NEBULIZER, LF ADLT MASK 7'TU (50/CS)",1,EA,13
"NEEDLE, HYPO 16GX1 1/2"" (100/BX)",1,BX,200
"NEEDLE, HYPO 18GAX1"" (100/BX 10BX/CS)",1,BX,
"NEEDLE, HYPO 20GAX1"" (100/BX 10BX/CS)",1,BX,
"NEEDLE, HYPO 20GX1"" (100/BX)",1,BX,
"NEEDLE, HYPO 21GX1 1/2"" (100/BX)",1,BX,200
"NEEDLE, HYPO 22GAX1 1/2"" (100/BX 10BX/CS)",1,BX,
"NEEDLE, HYPO 25GAX1 1/2"" (100/BX 10BX/CS)",1,BX,300
"NEEDLE, HYPO 25GX1 1/2"" (100/BX)",1,BX,
"NEEDLE, HYPO 25GX1"" (100/BX)",1,BX,
"NEEDLE, HYPO 27GX1 1/4"" (100/BX)",1,BX,
"NEEDLE, HYPO 30GX1"" (100/BX)",1,BX,100
"NEEDLE, HYPO 30GX1/2"" (100/BX)",1,BX,200
"NEEDLE, HYPO REG 25GX1 1/4"" (100/BX)",1,BX,
"NEEDLE, HYPO SHORT 20GX1 1/2"" (100BX)",1,BX,
"NEEDLE, HYPO TW 18GX1 1/2"" (100/BX 10BX/CS)",1,BX,400
"NEEDLE, SPINAL QUINCKE 20GX3.5"" (25/BX 5BX/CS) PSSRDC",1,BX,
"NEEDLE, SPINAL QUINCKE 22GX3.5"" (25/BX 5BX/CS) PSSRDC",1,BX,
"NEEDLE, SPINAL STR 22GX3 1/2"" (25/BX) 5181",1,BX,
PACK BREAST*C.MENDIETA M.D.*,1,EA,17
PACK BREAST*C.MENDIETA M.D.*,1,CS,
PACK LIPO*C. MENDIETA M.D.*,1,EA,14
"PACKING STRIP, PLAIN 1""X5YDS STR LF (12/CS)",1,BT,
"PAD, ABD 5X9"" STR LF (1/PK 20PK/BX)",1,CS,165
"PAD, ALCOHOL PREP STR MED (200/BX)",1,BX,2
"PAD, ARMBOARD EGGCRATE PNK 20""X8"" (2/PK 12PK/CS)",1,CS,
"PANT, SCRUB UNISX JADE SM",1,EA,2
"PANT, UNISX XLONG JADE SM",1,EA,2
PANTS SCRUB NAVY DRWSTR LG,1,EA,4
"PANTS, SCRUB DRAWSTRING UNISEXNAVY XLG",1,EA,4
"PANTS, SCRUB MED NAVY UNISEX",1,EA,4
"PANTS, SCRUB UNISEX NAVY SM",1,EA,4
"PANTS, SCRUB UNISEX SM NAVY",1,EA,
"PANTS, SCRUB UNISX LNG JADE MED",1,EA,
"PANTS, UNISX DRWSTRNG NAVY MED",1,EA,
"PAPER, ECG F/007983 8.5""X183' (200/PK 10PK/CS)",1,PK,
"PAPER, ECG F/007984 8.5""X183' (200/PK 10PK/CS)",1,PK,
"PAPER, ECG Z-FOLD 200SHT (10/CS)",1,EA,
"PENCIL, SURG FOR ELECTRO BLADES (50/BX)",1,BX,
"PILLOW, CHEMSOFT BLU 18OZ 20""X26"" (12/CS)",1,EA,
"PILLOW, LTD RUSBL MOIST-RESISTFUL BLU 20X26 (12/C",1,EA,
"PIN, DISPENSING ADDITIVE (50/CS) DP1000",1,EA,
"PLUG, INJECTION LL SURFLO (100/BX 10BX/CS)",1,BX,
"POLYMYXIN B SULF, VL 500MU/10ML 10ML (10/CT)",1,CT,
"POUCH, DUO CHECK SELF SEAL 3.5X22"" (100/BX 5BX/CS)",1,BX,
"POUCH, SELF SEAL 12X18"" (200/BX 5BX/CS)",1,BX,1
"POUCH, SELF SEAL 13X18(100BX4B/CS)T92318",1,BX,
"POUCH, SELF SEAL ECON 12X18 ( 200/BX 5BX/CS)",1,BX,1
"POUCH, SELF SEAL ECON 3.5X9 (200/BX 10BX/CS)",1,BX,2
"POUCH, SELF SEAL ECON 5.25X10 (200/BX 10BX/CS)",1,BX,1
"POUCH, SELF SEAL ECON 7.5X13 (200/BX 5BX/CS)",1,BX,2
"POUCH, SELF SEAL ECON 8X16 (200/BX 5BX/CS)",1,BX,2
"POUCH, SELFSEAL 3 1/2""X22"" (200/BX 5BX/CS)",1,BX,
"POUCH, SELFSEAL 3 1/2""X5 1/4"" (200/BX)",1,BX,
"POUCH, SELFSEAL 3.5""X22"" (200/PK)",1,PK,
"POUCH, SELFSEAL 6""X23"" (200/BX5BX/CS)",1,BX,
"POUCH, SELFSEAL 8""X24"" (100/BX) PRFCSL",1,BX,
"POUCH, STER 6""X22"" (250/BX 4BX/CS)",1,BX,
PSS PRODUCT CATALOG 2012 18/CS,1,EA,
"RESERVOIR, WND DRN 100CC (10/BX 3BX/CS)",1,BX,
"RESERVOIR, WND DRN W/O TROCAR (10/BX)",1,EA,
"RESERVOIR, WND DRN W/O TROCAR (10/BX)",1,BX,
"RESERVOIR, WND EVAC SIL CNTRL BULB 100ML (10/CS)",1,EA,
"RESERVOIR, WND EVAC SIL CNTRL BULB 100ML (10/CS)",1,CS,
"ROLL GZE BANDAGE 3.4""X3.6YDS (96/CS)",1,CS,
"SANITIZER, HAND ALOE W/PUMP 18OZ (12/CS)",1,EA,4
"SCISSOR, NURSE PNK 5 1/2""",1,EA,5
"SCRUB, DYNA-HEX 4% SOL 32OZ (12/CS)",1,EA,
"SCRUB, DYNA-HEX 4% SOL 4OZ (48/CS)",1,CS,67
"SCRUB, DYNA-HEX 4% SOL 4OZ (48/CS)",1,EA,
"SCRUB,SURGICAL TRISEPTIN 32OZ (6/CS) ENTURA",1,EA,6
"SCRUB,SURGICAL TRISEPTIN 32OZ (6/CS) ENTURA",1,CS,
"SCRUBBRUSH, HAND WHT",1,DZ,12
"SCRUBBRUSH, HAND WHT",1,EA,
"SCRUBBRUSH/SPONGE, W/PCMX (30/BX)",1,BX,20
"SEAT BELT, AUTO CLASP REPL",1,EA,
"SHEET, 3/4 (20/CS) A9349",1,CS,25
"SHEET, DRAPE 2PLY WHT 40X48 (100/CS)",1,CS,100
"SHEET, DRAPE MED 44""X71""(20/CS) 9355A",1,CS,
"SHEET, DRYER BOUNCE 9X11 (160/BX 6BX/CS)",1,CS,
"SHEET, STRETCHER FITTED 30X84 BLU (50/CS)",1,CS,50
"SHIRT, SCRUB JADE SM",1,EA,4
"SHIRT, SCRUB NAVY LG",1,EA,4
"SHIRT, SCRUB UNISEX NAVY SM (24/CS)",1,EA,4
"SHIRT, SCRUB UNISX JADE MED",1,EA,4
"SHIRT, SCRUB UNISX NAVY MED",1,EA,4
"SHIRT, SCRUB UNISX NAVY SM",1,EA,4
"SHIRT, SCRUB UNISX NAVY XLG",1,EA,100
"SHOECOVER, LF N/SKID UNIV BLU (50PR/BX)",1,BX,
"SLEEVE, STR (30/BX 2BX/CS)",1,BX,
"SOAP, ANTIM BLU 128OZ (4/CS)",1,EA,
"SOAP, ANTIMICRO LOTION ALOE 18OZ (12/CS)",1,EA,48
"SOAP, ANTIMICRO LOTION ALOE GL(4/CS)",1,EA,1
"SOD CHL, IVSOL 0.9% 1000ML (12/CS)",1,CS,10
"SOD CHL, IVSOL 0.9% 1000ML (12/CS)",1,BG,
"SOD CHL, IVSOL 0.9% 1000ML (12/CS)",1,EA,
"SOD CHL, IVSOL 0.9% 1000ML (12/CS)",1,CS,
"SOD CHL, IVSOL 0.9% 1000ML (14/CS)",1,CS,
"SOD CHL, IVSOL 0.9% 1000ML (14/CS)",1,EA,
"SOD CHL, IVSOL 0.9% 500ML (24/CS)",1,EA,
"SODA SORB, PREPACK (12/CS)",1,EA,4
"SODIUM CHLORIDE, FTV PF 0.9% 10ML (25/PK)",1,PK,1
"SODIUM CHLORIDE, FTV PF 0.9% 50ML (25/PK)",1,PK,
"SOLIDIFIER, ABSORB 3000CC (85/CS)",1,CS,68
"SOLU-CORTEF AOV, VL 250MG/2ML 2ML",1,EA,2
"SOLU-MEDROL, VL 500MG/ML 4ML",1,EA,
"SOLU-MEDROL, VL AOV 125MG/2ML 2ML (25/PK)",1,EA,25
"SOLUTION, BETADINE HOSP/PROF 4OZ",1,CS,16
"SOLUTION, BETADINE HOSP/PROF 4OZ",1,EA,
"SOLUTION, PVP PREP 16OZ (12/CS",1,EA,
"SOLUTION, PVP PREP 4OZ (36/CS)",1,EA,
"SOLUTION, PVP PREP GL (4/CS)",1,EA,
"SPEED CLEANER, 16OZ",1,EA,1
"SPIROMETER, INCENTIVE (20/CS) P001900",1,EA,40
"SPONGE, GZE SYN N/WVN 4PLY 4X4"" (200/BX 10BX/CS)",1,BX,
"SPONGE, LAP 18X18 STR PW (5/PK40PK/CS)",1,CS,30
"SPONGE, LAP XRAY DET STR 18X18"" (5/BX 40BX/CS)",1,CS,
"SPONGE, N/WOVN 4""X4"" N/S (200/PK)",1,CS,1
"STAND, MAYO ADJ CTR CSTR 19X12.5""",1,EA,
"STAND, MAYO HAND OPERATED W/TRAY S/S",1,EA,
"STAND, MOBILE W/BASKET",1,EA,
"STAPLER, SKIN VISTA DISP 35 REG (6/BX)",1,BX,6
"STOCKINETTE, IMPERV STR 12""X48"" (10/CS)",1,CS,8
"STOCKING, ANTI-EMBOLISM KNEE LG",1,DZ,5
"STOCKING, ANTI-EMBOLISM KNEE MED",1,DZ,5
"STOPCOCK, 3WAY FML SPINLCK (100/CS)",1,CS,1
"STRIP, PACKING PLAIN 1/2"" (12/CS)",1,EA,10
"STYLET, INTUBATION 14FR (20/BX) MALMED",1,BX,30
"SUCTION, YANKAUER RIGID BULB TIP W/O VENT STR(50/C",1,CS,1
"SURGISTAIN, (4GL/CS)",1,GL,1
"SUTURE, CHROMIC GUT 3-0 30"" GS10 NDL (36/BX)",1,BX,
"SUTURE, ETHLON BLK MONO 4-0 1 8"" FS-2 (12/BX)",1,BX,
"SUTURE, ETHLON BLK MONO 4-0 1 8"" PS-2 (36/BX)",1,BX,
"SUTURE, ETHLON BLK MONO 5-0 1 8"" P-3 (12/BX)",1,BX,
"SUTURE, ETHLON BLK MONO 5-0 1 8"" PS-2 (36/BX)",1,BX,
"SUTURE, ETHLON BLK MONO 6-0 1 8"" P-3 (12/BX)",1,BX,
"SUTURE, ETHLON BLK MONO 6-0 1 8"" PS-3 (12/BX)",1,BX,
"SUTURE, GUT CHR 3-0 27"" CP-2 (36/BX)",1,BX,51
"SUTURE, GUT CHR 3-0 27"" KS (36/BX)",1,BX,
"SUTURE, GUT CHR 4-0 18"" P-3 (12/BX)",1,BX,
"SUTURE, GUT CHR 4-0 18"" PS-2 (12/BX)",1,BX,
"SUTURE, GUT CHR 4-0 DS18/FS2 30"" (12/BX)",1,BX,
"SUTURE, GUT CHR 5-0 18"" P-3 (12/BX)",1,BX,
"SUTURE, GUT PL 5-0 18"" P-3 (12/BX)",1,BX,
"SUTURE, GUT PL FAST ABSRB 5-0 18"" PC1 (12/BX)",1,BX,
"SUTURE, GUT PL FAST ABSRB 6-0 18"" PC1 (12/BX)",1,BX,
"SUTURE, MONCRYL UD 3-0 18"" PS-2 (12/BX)",1,BX,14
"SUTURE, MONCRYL UD 4-0 18"" PS-2 (12/BX)",1,BX,19
"SUTURE, MONCRYL UD 5-0 18"" PS-2 (12/BX)",1,BX,
"SUTURE, MONCRYL UD MONO 0 36"" CT1 (36/BX)",1,BX,23
"SUTURE, MONCRYL UD MONO 2-0 3 6"" CT1 (36/BX)",1,BX,45
"SUTURE, MONOCRYL PLUS UD 3-0 27"" PS-1 (36/BX)",1,BX,
"SUTURE, POLYSORB 0 36"" GS-11 (36/BX)",1,BX,
"SUTURE, POLYSORB UD 0 27"" GS-11 207Q (36/BX)",1,BX,60
"SUTURE, POLYSORB UD 2-0 30"" C-14 24Q (36/BX)",1,BX,46
"SUTURE, POLYSORB UD 3-0 27"" C-13 (36/BX)",1,BX,71
"SUTURE, POLYSORB UD 3-0 27"" C-14 (36/BX)",1,BX,
"SUTURE, POLYSORB VIO 0 27"" GS-21 (36/BX)",1,BX,
"SUTURE, PROLENE BLU MONO 3-0 18' PS-2 (36/BX)",1,BX,
"SUTURE, PROLENE BLU MONO 4-0 18"" PS-2 (12/BX)",1,BX,
"SUTURE, PROLENE BLU MONO 5-0 18"" P-3 (12/BX)",1,BX,
"SUTURE, PROLENE BLU MONO 5-0 18"" PS-2 (12/BX)",1,BX,
"SUTURE, PROLENE BLU MONO 6-0 PS-3 (12/BX)",1,BX,
"SUTURE, PROLENE CLR MONO 4-0 18"" PS-4 (12/BX)",1,BX,
"SUTURE, SILK BLK BR 5-0 18"" P-3 (12/BX)",1,BX,
"SUTURE, SILK BLK BR 6-0 18"" P-3 (12/BX)",1,BX,
"SUTURE, SOFSILK BLK 2-0 18"" C-15 (12/BX)",1,BX,25
"SUTURE, VICRYL UD BR CT 0 27"" CP1 (36/BX)",1,DZ,
"SUTURE, VICRYL UD BR CT 0 27"" CP1 (36/BX)",1,BX,
"SUTURE, VICRYL UD BR CT 0 36"" CT1 (36/BX)",1,BX,
"SUTURE, VICRYL UD BR CT 2-0 2 7"" FS1 (36/BX)",1,BX,
"SUTURE, VICRYL UD BR CT 3-0 2 7"" FS1 (36/BX)",1,BX,
"SUTURE, VICRYL UD BR CT 3-0 2 7"" PS2 (36/BX)",1,BX,
"SUTURE, VICRYL+ UD BR 4-0 18"" PS-2(12/BX)",1,BX,
"SYRINGE, CONTROL 10CC (25/BX)",1,BX,
"SYRINGE, LL 10CC (100/BX 12BX/CS)",1,BX,300
"SYRINGE, LL 10CC (100/BX)",1,BX,
"SYRINGE, LL 1CC (100/BX)",1,BX,100
"SYRINGE, LL 20CC (100/BX 8BX/CS)",1,BX,150
"SYRINGE, LL 3CC (100/BX 24BX/CS)",1,BX,180
"SYRINGE, LL 60CC (25/BX 4BX/CS)",1,BX,25
"SYRINGE, LL 60CC (40/CT 4CT/CS)",1,CT,
"SYRINGE, TOOMEY TYPE STR 60CC (20/BX)",1,BX,50
"TAMPON, TAMPAX REG FLUSH (40/BX)",1,BX,
"TAPE, ADHSV CLOTH SILK LF 1""X10YD (12RL/BX)",1,BX,1
"TAPE, ADHSV DURAPORE 1""X10YDS (12/BX)",1,BX,2
"TAPE, ADHSV DURAPORE 3""X10YDS (4/BX)",1,BX,1
"TAPE, ADHSV PAPER BRN 1""X10YDS(12/BX)",1,BX,2
"TAPE, ADHSV PAPER BRN 1/2""X10YDS (24/BX)",1,BX,1
"TAPE, ADHSV PAPER LF 1""X10YDS (12RL/BX 12/CS)",1,BX,
"TAPE, CLOTH SILK-LIKE PREM 1""X10YDS (12/BX 10BX/CS)",1,BX,
"TAPE, CLOTH SILK-LIKE PREM 2""X10YDS (6/BX 10BX/CS)",1,BX,
"TAPE, INDICATOR STM 1"" (18/CS)",1,RL,
"TAPE, PAPER PREM 1""X10YDS (12/BX 10BX/CS)",1,BX,
"TAPE, PAPER PREM 2""X10YDS (6/BX 10BX/CS)",1,BX,
"TAPE, RETENTION 2""X10YDS (1/BX12BX/CS)",1,BX,2
"TAPE, RETENTION 4""X10YDS (1/BX12BX/CS)",1,BX,4
"TAPE, TRANS PREM 1""X10YDS (12/BX 10BX/CS)",1,BX,
"TEST KIT, METRISTRIP 14DAY (60BT 2BT/CS)",1,BT,1
"TEST KIT, PREG HCG CASSETTE WAIVED (25/KT)",1,KT,
THERMOMETER FOREHEAD 92-106F,1,BX,2
"THERMOMETER, HYGROM NIST LG DISP 60C/140F 10/99%RH",1,EA,
"TISSUE, FACIAL SURPASS (30BX/CS) 21340",1,CS,
"TISSUE, TOILET 2PLY COTNEL KC PROF KLNX BRND(60RL KIMCON",1,CS,20
"TOBRADEX, OINT OPHTH 0.3-0.1% 3.5GM",1,EA,
"TOWEL, PAPER C-FOLD (200/PK 12PK/CS) KIMCON",1,CS,10
"TUBE, ENDOTRACH ARMORED VLV 7.0MM 104081",1,BX,
"TUBE, ENDOTRACH ARMORED VLV 7.5MM 104081",1,BX,
"TUBE, ENDOTRACHEAL CUFFED ORALI.D. 7.0MM (10/BX)",1,BX,
"TUBE, MURPHY ENDOTRACH CUFF 6.0MM (10/BX)",1,BX,80
"TUBE, MURPHY ENDOTRACH CUFF 6.5MM (10/BX)",1,BX,20
"TUBE, MURPHY ENDOTRACH CUFF 7.0MM (10/BX)",1,BX,20
"TUBE, MURPHY ENDOTRACH CUFF 7.5MM (10/BX)",1,BX,20
"TUBE, MURPHY ENDOTRACH CUFF 8.0MM (10/BX)",1,BX,8
"TUBE, MURPHY TRACH 7.0MM (10/BX) MALMED",1,EA,
"TUBE, SALEM SUMP STR 16FR 48"" (50/CS)",1,CS,1
"TUBE, STRADI (10/CS)",1,CS,
TUBING INFILTRATION (10/CS),1,CS,
"TUBING, CONN 3/16""X12' (30/CS)",1,CS,35
"TUBING, CONN STR 3/16""X12' (20CS)",1,CS,10
"TUBING, CONNECTING 3/16""X6' (50/CS)",1,CS,
"TUBING, F/PERISTALTIC PUMP STR(10/CS)",1,CS,
"TUBING, LIPO SCTN 3/8 X 8' (10/CS)",1,EA,
"TUBING, LIPO SCTN STR 3/8 X 10' (10/CS)",1,CS,25
"TUBING, SPIKE SNGL (10/BX)",1,BX,
"TUBING, SPIKE SNGL (20/BX)",1,BX,
"TUBING, SPIKE SNGL (20/BX)",1,EA,
"UNDERPAD, LT ABSRB 23 X36 (10/BG 15BG/CS)",1,CS,
"UNDERWEAR, CLOTH LK SZ 44-58 LG (18/BG 4BG/CS)",1,CS,1
"URINAL, ML W/CVR CLR (50/CS)",1,EA,5
"VITRASE OVINE, VL 200UN/ML 1.2ML (2/BX)",1,BX,
WIPE CLOROX GERMICIDAL 150EA 150/EA 6EA/CS,1,EA,
"WIPE, ALLKARE ADHSV REMOVER (50/BX)",1,BX,
"WIPE, DISINFECTANT CAVIWIPES 6""X6.7"" (160/CN 12CN",1,EA,
"WRAP, CSR 24""X24"" (100/BX 5BX/CS)",1,BX,2
